1,Martin_Milec,Slovenia_national_under-21_football_team,1
2,Stalybridge_Celtic_F.C.__Matty_Hughes__1,Stalybridge_Celtic_F.C.,1
3,SK_DFO_Pardubice__Věra_Dobrevová__1,SK_DFO_Pardubice,1
4,Solomon_Kvirkvelia,Georgia_national_under-21_football_team,1
5,Eugenio_La_Rosa,Argentinos_Juniors,1
6,Envigado_F.C.__Nelson_Lemus__1,Envigado_F.C.,1
7,Francois_Croes,SV_Estrella,1
8,FC_Rosengård__Iva_Landeka__1,FC_Rosengård,1
9,Jackson_Mwanza,Zambia_national_football_team,1
10,Boaz_Solossa,Indonesia_national_under-17_football_team,1
11,Roberto_Dias_Correia_Filho,América_Futebol_Clube_(SP),1
12,Dimitris_Nalitzis,Greece_national_football_team,1
13,SKU_Amstetten__Michael_Achleitner__1,SKU_Amstetten,1
14,Keith_Amos,Kidderminster_Harriers_F.C.,1
15,István_Palotás,Hungary_national_football_team,1
16,Joe_Bunney,Kendal_Town_F.C.,1
17,Fabien_Robert,Forest_Green_Rovers_F.C.,1
18,Anderson_Pedro_da_Silva_Nunes_Campos,Campinense_Clube,1
19,Aitor_Fernández_López,Pontevedra_CF,1
20,Aiginiakos_F.C.__Vasileios_Liolios__1,Aiginiakos_F.C.,1
21,Motala_AIF__Daniel_Swärd__1,Motala_AIF,1
22,Steve_Sims,Notts_County_F.C.,1
23,Matt_Derbyshire,Plymouth_Argyle_F.C.,1
24,Jonathan_Tinhan,Grenoble_Foot_38,1
25,Jack_Clough_(footballer),Middlesbrough_F.C.,1
26,Márk_Orosz,Szeged_2011,1
27,Tomáš_Dujsík,HC_Kometa_Brno,1
28,José_Daniel_Ponce,Boca_Juniors,1
29,Mark_Coombe,Salisbury_City_F.C.,1
30,Middlesbrough_L.F.C.__Laura_Wareham__1,Middlesbrough_L.F.C.,1
31,"Gareth_Davies_(footballer,_born_1983)",Matlock_Town_F.C.,1
32,Davydas_Arlauskis,Egersunds_IK,1
33,Lionel_Tromp,SV_Dakota,1
34,Stanimir_Mitev,PFC_Neftochimic_Burgas,1
35,Club_América_Reserves_and_Academy__Bryan_Robles__1,Club_América_Reserves_and_Academy,1
36,Klimenti_Tsitaishvili,Nea_Salamis_Famagusta_FC,1
37,Leonardo_Ly_Rojas,Puerto_Rico_Islanders,1
38,"Juanma_(footballer,_born_1986)",Lleida_Esportiu,1
39,Merstham_F.C.__Phil_Wilson__1,Merstham_F.C.,1
40,Malcolm_Bailey,Runcorn_F.C._Halton,1
41,Ilami_Halimi,FK_Pobeda,1
42,K.V.V._Belgica_Edegem_Sport__Hans_D'Hondt__1,K.V.V._Belgica_Edegem_Sport,1
43,"Steve_Evans_(footballer,_born_1962)",Hamilton_Academical_F.C.,1
44,Algeria_national_beach_soccer_team__Fawzi_Moussouni__1,Algeria_national_beach_soccer_team,1
45,Iain_Fearn,Hamilton_Academical_F.C.,1
46,Alessandro_Rottoli,F.C.D._Lottogiaveno,1
47,UD_Somozas__Ander_Artabe__1,UD_Somozas,1
48,Filipe_Ferreira,S.L._Benfica_B,1
49,Jesús_Julián_Lucendo,FC_Andorra,1
50,John_Cartledge_(footballer),Sutton_United_F.C.,1
51,Antonio_Sancho,Mexico_national_football_team,1
52,Aleksandr_Nevokshonov,FC_Spartak_Moscow,1
53,MB_Miðvágur__Gerhard_P._Lognberg__1,MB_Miðvágur,1
54,K._Patro_Eisden_Maasmechelen__Kevin_Aka_Etien__1,K._Patro_Eisden_Maasmechelen,1
55,Felice_Berardo,Genoa_C.F.C.,1
56,Lucas_Lima,Brazil_national_football_team,1
57,Jackson_Valoy,C.D.S._Vida,1
58,Ryton_&_Crawcrook_Albion_F.C.__Callum_Turnbull__1,Ryton_&_Crawcrook_Albion_F.C.,1
59,Alan_Moore_(footballer),Republic_of_Ireland_national_under-17_football_team,1
60,Shenzhen_F.C.__Du_Longquan__1,Shenzhen_F.C.,1
61,Francisco_Lima,Sul_América_Esporte_Clube,1
62,Borys_Tashchy,Ukraine_national_under-18_football_team,1
63,"Saša_Jovanović_(footballer,_born_1993)",FK_BASK,1
64,FC_Gefest__Vyacheslav_Serdyukov__1,FC_Gefest,1
65,Jon_Parkin,York_City_F.C.,1
66,Niklas_Stegmann,FC_Schalke_04,1
67,Billy_Tabram,Hull_City_A.F.C.,1
68,Vladimir_Lisitsin,FC_Spartak_Semey,1
69,KMKM_F.C.__Mudathir_Khamis_Moh'd__1,KMKM_F.C.,1
70,Djoumin_Sangaré,St_Albans_City_F.C.,1
71,Christopher_Greaves,Edmonton_Eskimos,1
72,Shawn_Tolleson,Texas_Rangers_(baseball),1
73,Juanpa,UD_Salamanca_B,1
74,Neal_Maupay,France_national_under-19_football_team,1
75,Claudio_Arbiza,Club_Nacional_de_Football,1
76,Tony_Ward_(footballer),Wigan_Athletic_F.C.,1
77,Ferrymead_Bays__Cameron_Mills__1,Ferrymead_Bays,1
78,Peter_Nylander,Timrå_IK,1
79,Babanco,Cape_Verde_national_football_team,1
80,Charles-André_Doudin,FC_Biel-Bienne,1
81,"Kenny_Cunningham_(footballer,_born_1985)",The_Strongest,1
82,Cristian_Oroş,FC_Brașov,1
83,Anders_Hella,Vindbjart_FK,1
84,Robert_Prosinečki,Stuttgarter_Kickers,1
85,Steven_Cann,Aberystwyth_Town_F.C.,1
86,Alec_Cheyne,Nîmes_Olympique,1
87,Harry_Beautyman,Northampton_Town_F.C.,1
88,Pablo_Pérez,Unión_de_Santa_Fe,1
89,Ernani_Pereira,Vila_Nova_Futebol_Clube,1
90,Venture_Community_F.C.__Kyle_Hazeldene__1,Venture_Community_F.C.,1
91,Tim_Treude,Borussia_Dortmund_II,1
92,Bart_Van_Den_Eede,FC_Den_Bosch,1
93,Des_Kelly_(footballer),Lowestoft_Town_F.C.,1
94,Sergio_Zárate,Deportivo_Merlo,1
95,Jesús_García_Sanjuán,Airdrieonians_F.C._(1878),1
96,Jurica_Pranjić,Vasas_SC,1
97,Philippe_Anziani,FC_Martigues,1
98,Panegialios_F.C.__Panagiotis_Xoblios__1,Panegialios_F.C.,1
99,Bruno_Matias,G.D._Estoril_Praia,1
100,SFC_CRFSO_Smolensk__Daniil_Mitin__1,SFC_CRFSO_Smolensk,1
101,Diego_Galo,Flamengo_Esporte_Clube_de_Arcoverde,1
102,Aleksandr_Trubnikov,FC_Rotor_Volgograd,1
103,Giannis_Papadimitriou,Greece_national_football_team,1
104,Bobby_Myers_(American_football),Tennessee_Titans,1
105,Jeci,Clube_Atlético_Bragantino,1
106,S.S._Lazio__Felipe_Anderson__1,S.S._Lazio,1
107,Dennis_Lemke,FC_Carl_Zeiss_Jena,1
108,Stuart_Croft_(footballer),Bridlington_Trinity_F.C.,1
109,Waterhouse_F.C.__Nicholay_Finlayson__1,Waterhouse_F.C.,1
110,Élder_Granja,Associação_Portuguesa_de_Desportos,1
111,Zoran_Milidrag,NK_Čelik_Zenica,1
112,Medhi_Lacen,Deportivo_Alavés,1
113,Alec_Gaskell,Rhyl_F.C.,1
114,Richie_Foran,Carlisle_United_F.C.,1
115,FC_Wohlen__Marvin_Graf__1,FC_Wohlen,1
116,Dimitar_Rangelov,FC_Luzern,1
117,Frederick_Chapple,Blyth_Spartans_A.F.C.,1
118,Hafren_United_Ladies_FC__Alys_Reynolds__1,Hafren_United_Ladies_FC,1
119,Kirill_Rybakov,FC_Dynamo_Moscow,1
120,Erik_Tammer,AZ_Alkmaar,1
121,Markus_Ringberg,Kvik_Halden_FK,1
122,Elian_Parrino,Estudiantes_de_La_Plata,1
123,Dagoberto_Moll,Miramar_Misiones,1
124,Marek_Heinz,Arminia_Bielefeld,1
125,JSM_Béjaïa__Khaled_Bouziani__1,JSM_Béjaïa,1
126,Michel_Preud'homme,Belgium_national_football_team,1
127,Daniel_Tătar,CSU_Voința_Sibiu,1
128,Gyula_Hegedűs,BFC_Siófok,1
129,Tomas_Ražanauskas,Anorthosis_Famagusta_FC,1
130,Russell_Canouse,TSG_1899_Hoffenheim_II,1
131,Matteo_Mancosu,Carpi_F.C._1909,1
132,Vladimir_Lazarev_(footballer),FC_Mordovia_Saransk,1
133,General_Stevenson,Padiham_F.C.,1
134,"Ahmed_Assiri_(footballer,_born_1988)",Al-Orobah_F.C.,1
135,Donavon_Clark,San_Diego_Chargers,1
136,Glossop_North_End_A.F.C.__Amy_Bouchier-Howard__1,Glossop_North_End_A.F.C.,1
137,Julio_Hernán_Rossi,Neuchâtel_Xamax,1
138,Amleto_Frignani,Genoa_C.F.C.,1
139,Evandro_Rachoni_De_Lima,Wormatia_Worms,1
140,Tom_McAlister,Blackpool_F.C.,1
141,Mauro_Bastos,G.D._Chaves,1
142,Roger_Mayorga,América_de_Cali,1
143,Liam_Willis,Barrow_A.F.C.,1
144,Duncan_Davidson_(footballer),Tulsa_Roughnecks_(1978–84),1
145,Arthur_Phoenix,Colwyn_Bay_F.C.,1
146,Jesse_Väkelä,Hokki,1
147,Jens_Kristian_Skogmo,IK_Start,1
148,Bobby_Dawson,Leeds_United_F.C.,1
149,Saba_Novin_Qom_F.C.__Mohammad_Molaei__1,Saba_Novin_Qom_F.C.,1
150,FC_Gossau__Marco_Hämmerli__1,FC_Gossau,1
151,Joe_Bennett_(footballer),Sheffield_Wednesday_F.C.,1
152,Bertil_Larsson,Malmö_FF,1
153,Seiji_Honda,Vissel_Kobe,1
154,Kuopion_Palloseura__Joonas_Nissinen__1,Kuopion_Palloseura,1
155,Al-Jazeera_(Jordan)__Mohammad_Muneer__1,Al-Jazeera_(Jordan),1
156,AC_Sparta_Praha_(women)__Lucie_Kladrubská__1,AC_Sparta_Praha_(women),1
157,George_Ashfield,Rhyl_F.C.,1
158,Sammy_Black,Queens_Park_Rangers_F.C.,1
159,Dilmurod_Nazarov,Navbahor_Namangan,1
160,Anatoliy_Shepel,FC_Polissya_Zhytomyr,1
161,David_Marazzi,FC_Aarau,1
162,Ian_Harty,Raith_Rovers_F.C.,1
163,Jeremy_Shepherd,Brantford_Galaxy,1
164,Paul_Gerrard,Ipswich_Town_F.C.,1
165,"Jimmy_McGowan_(footballer,_born_1924)",Salisbury_City_F.C.,1
166,Philadelphia_Independence__Danielle_Foxhoven__1,Philadelphia_Independence,1
167,Yohann_Rivière,Le_Havre_AC,1
168,Andy_Rennie_(Scottish_footballer),Newport_County_A.F.C.,1
169,Jehad_Muntasser,Empoli_F.C.,1
170,"Frank_Lampard_(footballer,_born_1948)",West_Ham_United_F.C.,1
171,Eduard_Kakosyan,Armenia_national_football_team,1
172,Guðjón_Þórðarson,Íþróttabandalag_Akraness,1
173,Roald_Amundsen_(footballer),Mjøndalen_IF,1
174,"Sérgio_Pinto_(footballer,_born_1973)",F.C._Maia,1
175,PFK_Piešťany__Róbert_Oravec__1,PFK_Piešťany,1
176,Aleksander_Brożyniak,Czuwaj_Przemyśl,1
177,Kevin_Müller_(footballer),1._FC_Heidenheim,1
178,Omar_Oreste_Corbatta,Independiente_Medellín,1
179,Hamka_Hamzah,Persebaya_Surabaya,1
180,José_Casado,FC_Botoșani,1
181,Idrissa_Kouyaté,Ivory_Coast_national_under-20_football_team,1
182,Yoo_Byung-ok,FC_Seoul,1
183,"Phil_Brown_(footballer,_born_1966)",Stockport_County_F.C.,1
184,Juan_Pablo_Rodríguez_Conde,Defensor_Sporting,1
185,Yuriy_Hetman,FC_Shakhtar_Luhansk,1
186,Albirex_Niigata__Noriyoshi_Sakai__1,Albirex_Niigata,1
187,Mikhail_Baranovsky,FC_Sokol_Saratov,1
188,Taylor_Barada,Colchester_United_F.C.,1
189,Fabio_Bonci,A.C._Reggiana_1919,1
190,Fausto_(footballer),Bradford_City_A.F.C.,1
191,Libis_Arenas,S.S._Lazio,1
192,Artsyom_Huzik,FC_Smorgon,1
193,Rubén_Palazuelos,FC_Honka,1
194,Alacranes_de_Durango__Ricardo_Caldera__1,Alacranes_de_Durango,1
195,Georgi_Smurov,FC_Taganrog,1
196,Ted_Hanney,Coventry_City_F.C.,1
197,Jairo_Neto,Timor-Leste_national_under-23_football_team,1
198,Michael_Wenczel,FC_Ingolstadt_04_II,1
199,Kunimitsu_Sekiguchi,Vegalta_Sendai,1
200,David_Albelda,Spain_national_under-21_football_team,1
201,Nikita_Gusev,National_Hockey_League,0
202,Melvin_Jones_(American_football),Washington_Redskins,0
203,Park_Chu-young,South_Korea_national_football_team,0
204,Rickey_Cradle,Seattle_Mariners,0
205,Gabriel_Beaupré,Colorado_Avalanche,0
206,"Ben_Williams_(American_football,_born_1954)",Buffalo_Bills,0
207,Justin_Bannan,Baltimore_Ravens,0
208,Timo_Zahnleiter,Ethnikos_Piraeus_F.C.,0
209,Derek_Landri,Jacksonville_Jaguars,0
210,Ryan_Baker,Miami_Dolphins,0
211,Ryan_Tobler,Tampa_Bay_Lightning,0
212,Ilija_Petković,Servette_FC,0
213,Robert_Kirshner,Harvard_College,0
214,Burkhard_Pape,Sierra_Leone_national_football_team,0
215,Pat_Crawford_(baseball),St._Louis_Cardinals,0
216,Ian_Juryeff,Newport_(IOW)_F.C.,0
217,Terrance_Campbell,Glendale_Community_College_(Arizona),0
218,Pinkney_L._Near,Johns_Hopkins_University,0
219,Roy_Barni,Philadelphia_Eagles,0
220,William_Alden_Edson,University_of_Kansas,0
221,Bulbs_Ehlers,Boston_Celtics,0
222,Ryan_Gibbons_(American_football),Jacksonville_Jaguars,0
223,Juan_José_López,Rosario_Central,0
224,Jules_Cluzel,Malaguti,0
225,Paul_James_(rugby_union),Ospreys_(rugby_team),0
226,Jimmy_Conway_(footballer),Oregon_State_Beavers,0
227,Tomás_Boy,Tiburones_Rojos_de_Veracruz,0
228,Sam_Bowers_(gridiron_football),Toronto_Argonauts,0
229,Lothar_Emmerich,KSV_Klein-Karben,0
230,Arie_Maliniak,Hapoel_Afula_B.C.,0
231,Ed_Moran_(long-distance_runner),William_&_Mary_Tribe,0
232,Clancy_Pendergast,San_Francisco_49ers,0
233,LaMont_Jordan,Oakland_Raiders,0
234,Nick_Giaquinto,Miami_Dolphins,0
235,Caleb_Francis,IL_Runar,0
236,Dewey_Scanlon,Valparaiso_University,0
237,Kathleen_de_la_Peña_McCook,University_of_Illinois_at_Chicago,0
238,Andy_Thorn_(American_football),Dallas_Cowboys,0
239,Simon_Mignolet,Belgium_national_football_team,0
240,Michalis_Tsairelis,Greek_Basket_League,0
241,Henry_Melton,Denver_Broncos,0
242,Joe_Mott,University_of_Iowa,0
243,Willie_le_Roux,Wasps_RFC,0
244,Mike_Heidt,Los_Angeles_Kings,0
245,Joe_Palatsides,Anagennisi_Karditsa_F.C.,0
246,Eddie_O'Brien_(baseball),Pittsburgh_Pirates,0
247,Charlie_Weis,University_of_Notre_Dame,0
248,Richard_Pacquette,Eastleigh_F.C.,0
249,Bill_Voss,Oakland_Athletics,0
250,Juan_Manuel_Rodríguez_Pérez,UD_Realejos,0
251,Loyce_W._Turner,University_of_Georgia,0
252,1979–80_Cardiff_City_F.C._season,Arsenal_F.C.,0
253,Cindy_Ryu,University_of_Washington,0
254,András_Béres,Venezuela_national_football_team,0
255,Cary_Williams,Washington_Redskins,0
256,Michael_Restovich,Minnesota_Twins,0
257,Ralfs_Grīnbergs,HK_Rīga,0
258,Philip-Michael_Devos,Norfolk_Admirals_(AHL),0
259,James_Thompson_Bixby,Harvard_College,0
260,Joe_McMullen,Towson_Tigers,0
261,Lasse_Kukkonen,Chicago_Blackhawks,0
262,"Jacob_Rothschild,_4th_Baron_Rothschild",Eton_College,0
263,Milton_Mendes,Associação_Ferroviária_de_Esportes,0
264,Yury_Afanasenko,FC_Darida_Minsk_Raion,0
265,Matt_Murley,Pittsburgh_Penguins,0
266,Tommy_Cruz,St._Louis_Cardinals,0
267,Michael_Whitworth_Prynne,Royal_Engineers,0
268,Jabs_Newby,National_Basketball_League_of_Canada,0
269,Chase_Minnifield,Washington_Redskins,0
270,Billy_Bonds,Millwall_F.C.,0
271,Milton_Sayler,Miami_University,0
272,Danny_Trevathan,Denver_Broncos,0
273,Shane_Lechler,Oakland_Raiders,0
274,Stephen_Worobetz,University_of_Saskatchewan,0
275,José_Félix_Guerrero,Spain_national_under-19_football_team,0
276,Joe_Hietpas,New_York_Mets,0
277,Tonny_Vilhena,Netherlands_national_football_team,0
278,Cho_Zang-hee,Seoul_National_University,0
279,Jonathan_Sánchez,San_Francisco_Giants,0
280,Leo_Van_der_Elst,K.V._Oostende,0
281,Steven_Glenn,BC_Lions,0
282,Ronald_Boire,Columbia_University,0
283,Gary_Huff,Tampa_Bay_Buccaneers,0
284,Marcus_Dixon,New_York_Jets,0
285,Tuomas_Tarkki,American_Hockey_League,0
286,Alexander_Semin,Montreal_Canadiens,0
287,Joe_Pendry,Chicago_Bears,0
288,Steve_Pegues,Pittsburgh_Pirates,0
289,2010–11_West_Ham_United_F.C._season,Ipswich_Town_F.C.,0
290,Brian_Carlin,Edmonton_Oilers,0
291,Abby_Smith,Texas_Longhorns,0
292,Björn_Barta,Thomas_Sabo_Ice_Tigers,0
293,Ethan_Zachery_Scott,Saint_Leo_University,0
294,Rodolfo_Cazaubón,University_of_North_Texas,0
295,Miguel_Ángel_Guerrero,CD_Toledo,0
296,Christopher_Gibson,Toronto_Maple_Leafs,0
297,Jim_Hill_(American_football),Cleveland_Browns,0
298,Jonathan_Sackner_Bernstein,Columbia_University,0
299,Ernie_Logan,New_York_Jets,0
300,Zhou_Zhihua,Nanjing_University,0
301,Samuel_Påhlsson,Anaheim_Ducks,0
302,Nick_Fenton-Wells,Stormers,0
303,Anthony_Randolph,Liga_ACB,0
304,Ed_Romero,Milwaukee_Brewers,0
305,Daniel_Tjärnqvist,Kölner_Haie,0
306,R._J._Roberts,Enterprise_High_School_(Alabama),0
307,Cusi_Cram,Brown_University,0
308,Eric_Fernsten,Cleveland_Cavaliers,0
309,John_Bauer_(American_football),University_of_Illinois_at_Urbana–Champaign,0
310,Alice_Gast,Princeton_University,0
311,Mathieu_Chouinard,Ottawa_Senators,0
312,Didier_Ollé-Nicolle,Nîmes_Olympique,0
313,Mike_Iggulden,KHL_Medveščak_Zagreb,0
314,Darius_Johnson-Odom,Lega_Basket_Serie_A,0
315,Josh_Tyrangiel,Yale_University,0
316,Loris_Reggiani,Aprilia,0
317,Ray_Mariuz,McMaster_Marauders,0
318,Jarriel_King,New_York_Giants,0
319,Nikita_Korovkin,Kontinental_Hockey_League,0
320,Adrian_Burgess,Midland_F1_Racing,0
321,Claude_Steele,Ohio_State_University,0
322,Claude_Berry,Chicago_White_Sox,0
323,Peter_Shreeves,Grays_Athletic_F.C.,0
324,J._T._O'Sullivan,Cincinnati_Bengals,0
325,Leeland_McElroy,Texas_Longhorns,0
326,Paul_Riley_(footballer),New_York_Fury,0
327,Doug_Pelfrey,Cincinnati_Bengals,0
328,Ryan_Smith_(footballer),England_national_under-19_football_team,0
329,Bob_Evans_(rugby_union),Newport_RFC,0
330,Aleksander_Suglobov,Toronto_Maple_Leafs,0
331,Marie_Taylor,Howard_University,0
332,Gib_Holgate,Yale_Bulldogs,0
333,Steve_Warren,"Kickapoo_High_School_(Springfield,_Missouri)",0
334,John_H._Wilson_(Hawaii),Stanford_University,0
335,Kathleen_MacLeod,Women's_National_Basketball_League,0
336,Scott_Sims_(basketball),San_Antonio_Spurs,0
337,Kurt_Baluses,Karlsruher_SC,0
338,Lai_In-jaw,Harvard_University,0
339,Vojtěch_Mozík,HC_Plzeň,0
340,Tomáš_Surový,HC_Dinamo_Minsk,0
341,James_Garfield_Stewart,Kenyon_College,0
342,James_Cleverly,Royal_Artillery,0
343,Alexei_Kasatonov,St._Louis_Blues,0
344,Alvy_Ray_Smith,Stanford_University,0
345,Alex_Meechan,Worcester_City_F.C.,0
346,Karsten_Tadda,Basketball_Bundesliga,0
347,Robert_C._Bonner,"University_of_Maryland,_College_Park",0
348,Judith_Becker,University_of_Michigan,0
349,Ethan_Brooks,Williams_College,0
350,Tim_Agaba,Nelson_Mandela_Metropolitan_University,0
351,Sonny_Bill_Williams,RC_Toulonnais,0
352,Fabien_Bownes,Seattle_Seahawks,0
353,Red_Barrett,Cincinnati_Reds,0
354,Steve_Stripling,University_of_Colorado,0
355,Michael_Paxton,New_York_University,0
356,Daniel_Carr_(ice_hockey),National_Hockey_League,0
357,José_Enrique_Díaz,CP_Mérida,0
358,Rob_Baan,Sparta_Rotterdam,0
359,Brandon_Lang,Ottawa_Redblacks,0
360,Bernard_Pollard,Tennessee_Titans,0
361,Devin_DiDiomete,Hartford_Wolf_Pack,0
362,Alex_Hendricks,Ashland_University,0
363,Satyu_Yamaguti,Kyoto_University,0
364,Shaone_Morrisonn,HC_TPS,0
365,Gary_Keithley,University_of_Texas_at_Austin,0
366,Aaron_Louis_Treadwell,Vassar_College,0
367,Jeff_Rohlicek,Vancouver_Canucks,0
368,Dennis_Courtland_Hayes,Indiana_University,0
369,William_McKinley,Allegheny_College,0
370,William_C._Friday,University_of_North_Carolina_at_Chapel_Hill,0
371,Matthew_Mulligan,Arizona_Cardinals,0
372,John_Saylor_Coon,Cornell_University,0
373,Paul_Girodo,Saskatchewan_Roughriders,0
374,Shaun_Sutter,Calgary_Flames,0
375,G._Raymond_Chang,Ryerson_University,0
376,Kazushi_Hano,NTT_Shining_Arcs,0
377,Omer_Clyde_Aderhold,University_of_Georgia,0
378,Adam_Deutsch,KHL_Medveščak_Zagreb,0
379,Granger_Hall_(basketball),Phoenix_Suns,0
380,Kyle_Padron,Oakland_Raiders,0
381,Ronald_Stanley,Pittsburgh_Steelers,0
382,Norm_Maracle,Avangard_Omsk,0
383,Taylor_Duncan,St._Louis_Cardinals,0
384,Park_Sol-mi,Sungkyunkwan_University,0
385,Frank_Reid_(Canadian_football),Ottawa_Rough_Riders,0
386,Dan_Beutler,IFK_Kristianstad,0
387,Daniel_J._Clancy,University_of_Texas_at_Austin,0
388,Calum_Willock,Lewes_F.C.,0
389,Jim_Salsbury,"University_of_California,_Los_Angeles",0
390,William_L._Lane,Wesleyan_University,0
391,Frank_Andre_Guridy,Syracuse_University,0
392,Steve_McMichael,New_England_Patriots,0
393,Chrys_Chukwuma,Edmonton_Eskimos,0
394,Vicky_Peretz,Hapoel_Tel_Aviv_F.C.,0
395,Sonita_Lontoh,Northwestern_University,0
396,Yücel_İldiz,Diyarbakırspor,0
397,Mike_Jensen,Denmark_national_football_team,0
398,Richard_Park,Minnesota_Wild,0
399,Tom_Riley_(rugby_union),Newport_RFC,0
400,Janne_Andersson,IFK_Norrköping,0
