sid,sub,obj,class
1,Josemir_Lujambio,Newell's_Old_Boys,1
2,Arsenal_F.C.__Mesut_Özil__1,Arsenal_F.C.,1
3,Amjad_Shokouh_Magham,Shahin_Bushehr_F.C.,1
4,Zachary_Bell,Team_SmartStop,1
5,Sergei_Shchigorev,FC_Tambov,1
6,Taro_Urabe,Cerezo_Osaka,1
7,Ataşehir_Belediyespor__Hilal_Çetinkaya__1,Ataşehir_Belediyespor,1
8,Pablo_Nascimento_Castro,Grêmio_Foot-Ball_Porto_Alegrense,1
9,Ákos_Buzsáky,Plymouth_Argyle_F.C.,1
10,Rodney_Marsh_(footballer),Cork_Hibernians_F.C.,1
11,Karl_Ouimette,Jacksonville_Armada_FC,1
12,Alan_Miller_(footballer),West_Bromwich_Albion_F.C.,1
13,Mario_Castellazzi,A.S._Livorno_Calcio,1
14,Jeremain_Lens,Netherlands_national_under-19_football_team,1
15,FC_Santa_Claus__Eero_Paukku__1,FC_Santa_Claus,1
16,Jamar_Dixon,JIPPO,1
17,Rustyam_Fakhrutdinov,FC_Nosta_Novotroitsk,1
18,Hugo_Gomes,A.D._Pontassolense,1
19,Neil_Covone,United_States_men's_national_soccer_team,1
20,Ruslan_Mikhailov,FC_Stavropolye-2009,1
21,Luc_Sonor,SR_Colmar,1
22,Simon_Ford,Bristol_Rovers_F.C.,1
23,Alfredo_Morelos,Colombia_national_under-17_football_team,1
24,Luciano_Leccese,A.S.D._Nuova_Cassino_1924,1
25,Joe_Fagan,Nelson_F.C.,1
26,Andrei_Reprintsev,FC_Energomash_Belgorod,1
27,"Tom_White_(footballer,_born_1976)",Yeovil_Town_F.C.,1
28,Jean_Romaric_Kevin_Koffi,Pol._Virtus_Castelfranco_Calcio,1
29,Al_Tadhamon_SC__Muhanna_Lafi__1,Al_Tadhamon_SC,1
30,"Craig_Reid_(footballer,_born_1985)",Newport_County_A.F.C.,1
31,Brandon_Kaufman,Gold_Coast_Football_Club,1
32,Andrei_Smetanin,FC_Zvezda_Perm,1
33,Aris_Limassol_FC__Vasil_Shkurtaj__1,Aris_Limassol_FC,1
34,Mohamed_Yattara,Guinea_national_football_team,1
35,Doug_Collins_(footballer),Rochdale_A.F.C.,1
36,S.C._Damash_Gilan__Milad_Ghorbanzadeh__1,S.C._Damash_Gilan,1
37,Pokklaw_Anan,Thailand_national_under-20_football_team,1
38,Vernon_De_Marco_Morlacchi,ŠK_Slovan_Bratislava,1
39,George_Wood_(footballer),Cardiff_Metropolitan_University_F.C.,1
40,Marios_Elia,Ethnikos_Achna_FC,1
41,Manuel_Gavilán_(Spanish_footballer),SV_Ried,1
42,Darren_Anderson_(footballer),Slough_Town_F.C.,1
43,Mauricio_Pellegrino,Club_Atlético_Vélez_Sarsfield,1
44,Ergün_Penbe,Turkey_national_football_team,1
45,Inge_Heiremans,Lierse_SK_(women),1
46,Michael_Nonni,FC_Edmonton,1
47,Ken_Oman,St_Patrick's_Athletic_F.C.,1
48,Kazuya_Okazaki,Fagiano_Okayama,1
49,TSV_1860_Munich_II__Killian_Jakob__1,TSV_1860_Munich_II,1
50,Masahiko_Nakagawa,Nagoya_Grampus,1
51,Giannelli_Imbula,France_national_under-21_football_team,1
52,Loros_de_la_Universidad_de_Colima__Manuel_Madrid__1,Loros_de_la_Universidad_de_Colima,1
53,Artem_Favorov,FC_Zirka_Kropyvnytskyi,1
54,FC_Smena_Komsomolsk-na-Amure__Aleksei_Buznyakov__1,FC_Smena_Komsomolsk-na-Amure,1
55,Paulo_Bento,Portugal_national_football_team,1
56,Andrija_Novosel,NK_Krka,1
57,KF_Hajvalia__Lulzim_Neziri__1,KF_Hajvalia,1
58,Alki_Oroklini__Kiriakos_Stratilatis__1,Alki_Oroklini,1
59,Jason_Washburn,Yokohama_B-Corsairs,1
60,L.D.U._Portoviejo__Cristian_Fabbiani__1,L.D.U._Portoviejo,1
61,FC_Nosta_Novotroitsk__Dmitri_Shchendrygin__1,FC_Nosta_Novotroitsk,1
62,Vasilis_Papadopoulos,Enosis_Neon_Paralimni_FC,1
63,Deportivo_Nueva_Concepción__José_Peraza__1,Deportivo_Nueva_Concepción,1
64,Saulo_Decarli,FC_Chiasso,1
65,Carlos_Lampe,Huachipato,1
66,Nicolai_Lorenzoni,FC_Basel,1
67,Thibault_Giresse,Toulouse_FC,1
68,FC_Nosta_Novotroitsk__Konstantin_Maltsev__1,FC_Nosta_Novotroitsk,1
69,Georg_Schors,Wiener_Sport-Club,1
70,Valenciennes_FC__Reda_El_Alami__1,Valenciennes_FC,1
71,Bentzi_Moshel,F.C._Ashdod,1
72,Ihor_Korol,FC_Baltika_Kaliningrad,1
73,Umeå_Södra_FF__Hanna_Folkesson__1,Umeå_Södra_FF,1
74,HNK_Šibenik__Luka_Fuštin__1,HNK_Šibenik,1
75,"Oscar_Fox,_Jr.",Sheffield_Wednesday_F.C.,1
76,Murat_Önal,AC_Kajaani,1
77,Thibaut_Courtois,K.R.C._Genk,1
78,FC_Luch_Minsk_(2012)__Andrey_Arkhipov__1,FC_Luch_Minsk_(2012),1
79,Ramón_Osni_Moreira_Lage,FC_Krylia_Sovetov_Samara,1
80,Sergio_Castaño_Ortega,Arroyo_CP,1
81,Stefan_Šćepović,F.C._Ashdod,1
82,NMMU_F.C.__Onke_Matomela__1,NMMU_F.C.,1
83,Stan_Charlesworth,Grimsby_Town_F.C.,1
84,Abolfazl_Hajizadeh,Shahrdari_Tabriz_F.C.,1
85,G.D._Fabril__Catarino__1,G.D._Fabril,1
86,"Robert_Walker_(footballer,_born_1884)",Northampton_Town_F.C.,1
87,Frank_Feltscher,Switzerland_national_under-21_football_team,1
88,NK_Aluminij__Žan_Hrastnik__1,NK_Aluminij,1
89,Rui_Esteves,C.F._Os_Belenenses,1
90,József_Horváth_(footballer),Hungary_national_football_team,1
91,Dalibor_Teinović,FK_Borac_Banja_Luka,1
92,FK_Makedonija_Gjorče_Petrov__Angel_Rashikj__1,FK_Makedonija_Gjorče_Petrov,1
93,Paysandu_Sport_Club__Ricardo_Capanema__1,Paysandu_Sport_Club,1
94,"Valeri_Frolov_(footballer,_born_1970)",FC_Spartak_Kostroma,1
95,Paul_Edmunds_(footballer),Burton_Albion_F.C.,1
96,Cape_Coast_Ebusua_Dwarfs__Stephen_Sowu__1,Cape_Coast_Ebusua_Dwarfs,1
97,Tasisat_Daryaei_FSC__Hamid_Ahmadi__1,Tasisat_Daryaei_FSC,1
98,Enugu_Rangers__Morris_Enete__1,Enugu_Rangers,1
99,HKFC_Soccer_Section__Carlo__1,HKFC_Soccer_Section,1
100,Weston_Workers_Bears_FC__Carl_Thornton__1,Weston_Workers_Bears_FC,1
101,José_Ilson_dos_Santos,Sociedade_Esportiva_River_Plate,1
102,MŠK_Fomat_Martin__Lukáš_Turčina__1,MŠK_Fomat_Martin,1
103,Chattanooga_FC__Jordan_Dunstan__1,Chattanooga_FC,1
104,Marcel_Augusto_Ortolan,S.L._Benfica,1
105,William_Ashmole,Watford_F.C.,1
106,Mahir_Sağlık,Vasas_SC,1
107,Dan_Săndulescu,CS_Mioveni,1
108,Éric_Marester,AS_Monaco_FC,1
109,Saltney_Town_F.C.__Evan_Wright__1,Saltney_Town_F.C.,1
110,Frédéric_Arpinon,Nîmes_Olympique,1
111,Aleksei_Zhitnikov,FC_Avangard_Kursk,1
112,"Peter_Hall_(footballer,_born_1939)",Yeovil_Town_F.C.,1
113,Gary_DePalma,Virginia_Wesleyan_College,1
114,Luigi_Martinelli,Torino_F.C.,1
115,R.O.C._de_Charleroi-Marchienne__Lokman_Atasever__1,R.O.C._de_Charleroi-Marchienne,1
116,"Luís_Alberto_(footballer,_born_1983)",Associação_Desportiva_São_Caetano,1
117,Juan_José_Jayo,José_Gálvez_FBC,1
118,Karl_Joseph,Oakland_Raiders,1
119,Patrick_Cregg,Shamrock_Rovers_F.C.,1
120,Matty_Pearson,Lincoln_City_F.C.,1
121,Somen_Tchoyi,Cameroon_national_football_team,1
122,Mohamed_Sarr,F.C._Vittoria,1
123,Robbie_Clark,Östersunds_FK,1
124,Esad_Dugalić,FK_Velež_Mostar,1
125,Beylerbeyi_S.K.__İlker_Cihan__1,Beylerbeyi_S.K.,1
126,S.S._Lazio__Emiliano_Ilari__1,S.S._Lazio,1
127,Matt_Joseph,Canvey_Island_F.C.,1
128,Arsenio_Iglesias,Albacete_Balompié,1
129,Carlos_Villagra,Deportivo_Pasto,1
130,Llanrwst_United_F.C.__Joe_Prichard__1,Llanrwst_United_F.C.,1
131,FC_San_Marcos__Gonzalo_Molina__1,FC_San_Marcos,1
132,Andrejs_Perepļotkins,R.S.C._Anderlecht,1
133,Matt_Read,Philadelphia_Flyers,1
134,Rogério_Carvalho,Harrogate_Town_F.C.,1
135,CD_Numancia__Iñigo_Pérez__1,CD_Numancia,1
136,Emanuele_Berrettoni,Ascoli_Picchio_F.C._1898,1
137,Marko_Milić_(footballer),FK_Novi_Pazar,1
138,Arron_Jameson,Bradford_City_A.F.C.,1
139,Charlie_Petrie,Southampton_F.C.,1
140,Bubba_Paris,Detroit_Lions,1
141,Bobby_Roberts_(footballer),Leicester_City_F.C.,1
142,Mikhail_Zhabkin,Russia_national_under-17_football_team,1
143,"Vladimir_Mikhaylov_(footballer,_born_1996)",FC_FShM_Torpedo_Moscow,1
144,Alberto_Rivera_Pizarro,Real_Madrid_C,1
145,"Pascal_Schmidt_(footballer,_born_1992)",Arminia_Bielefeld,1
146,"Billy_Bingham_(footballer,_born_1990)",Sutton_United_F.C.,1
147,Fabián_Assmann,Club_Atlético_Independiente,1
148,Philip_Boampong,All_Stars_F.C.,1
149,Austin_Washington,Gonzaga_Bulldogs,1
150,S.S._Fidelis_Andria_1928__Nicola_Mancino__1,S.S._Fidelis_Andria_1928,1
151,"Alex_Bruce_(footballer,_born_1984)",Oldham_Athletic_A.F.C.,1
152,Pogoń_Szczecin_(women)__Marlena_Kowalik__1,Pogoń_Szczecin_(women),1
153,Kampamba_Chintu,AmaZulu_F.C.,1
154,Paul_Willis_(Scottish_footballer),Dunfermline_Athletic_F.C.,1
155,"John_Bailey_(footballer,_born_1969)",Enfield_F.C.,1
156,Roy_Messing,New_York_Arrows,1
157,Gabriele_Ambrosetti,Brescia_Calcio,1
158,Club_2_de_Mayo__Diego_Vazquez__1,Club_2_de_Mayo,1
159,Cultural_y_Deportiva_Leonesa__Ángel_Bastos__1,Cultural_y_Deportiva_Leonesa,1
160,Luke_O'Neill,England_national_under-17_football_team,1
161,"Luke_Williams_(footballer,_born_1993)",Peterborough_United_F.C.,1
162,Rafael_Lopes,Vitória_F.C.,1
163,Cosenza_Calcio__Roberto_Ranieri__1,Cosenza_Calcio,1
164,FCF_Hénin-Beaumont__Aurélie_Desmaretz__1,FCF_Hénin-Beaumont,1
165,Anthony_Tokpah,Atlanta_Silverbacks,1
166,Kjetil_Wæhler,Lyn_Fotball,1
167,Vital_Valadzyankow,FC_Naftan_Novopolotsk,1
168,FC_Dornbirn_1913__Pierce_Lange__1,FC_Dornbirn_1913,1
169,"Jock_Wallace,_Jr.",Airdrieonians_F.C._(1878),1
170,Brothers_Union__Rabea__1,Brothers_Union,1
171,P.A.O.K._F.C._(women)__Tatiana_Georgiou__1,P.A.O.K._F.C._(women),1
172,Édouard_Cissé,Olympique_de_Marseille,1
173,FK_Lokomotíva_Devínska_Nová_Ves__Walter_Rischer__1,FK_Lokomotíva_Devínska_Nová_Ves,1
174,Alexandre_Ludovic,Portugal_national_under-21_football_team,1
175,Hawke's_Bay_United_FC__Tom_Biss__1,Hawke's_Bay_United_FC,1
176,Jacobo_Campos,Celta_de_Vigo_B,1
177,"Michael_Byrne_(footballer,_born_1880)",Southampton_F.C.,1
178,Gus_Caesar,Colchester_United_F.C.,1
179,Koray_Çölgeçen,Kayserispor,1
180,Al_Neel_SC_(Al-Hasahisa)__Nor_Alden_Antar__1,Al_Neel_SC_(Al-Hasahisa),1
181,Berekum_Chelsea_F.C.__Brimah_Mohammed__1,Berekum_Chelsea_F.C.,1
182,Vojtěch_Schulmeister,Czech_Republic_national_under-21_football_team,1
183,Ken_Flint,Bath_City_F.C.,1
184,Hamilton_Steelers_(1981–92)__George_Serakinis__1,Hamilton_Steelers_(1981–92),1
185,FC_Locomotive_Tbilisi__Luka_Sherozia__1,FC_Locomotive_Tbilisi,1
186,Gürkan_Ekren,Altay_S.K.,1
187,SV_Lippstadt_08__Björn_Traufetter__1,SV_Lippstadt_08,1
188,FC_Machida_Zelvia__Calvin_Jong-a-Pin__1,FC_Machida_Zelvia,1
189,Gary_Sullivan_(soccer),Adelphi_University,1
190,Yussuf_Saleh,IK_Sirius_Fotboll,1
191,Leroy_Maluka,Ikapa_Sporting_F.C.,1
192,"Ian_Holmes_(footballer,_born_1985)",A.F.C._Telford_United,1
193,Roman_Semyonov,FC_Sibiryak_Bratsk,1
194,Persibangga_Purbalingga__Inggit_Prayitno__1,Persibangga_Purbalingga,1
195,Mohammad_Ousani,Esteghlal_Ahvaz_F.C.,1
196,Malang_Sarr,France_national_under-17_football_team,1
197,FC_Piter_Saint_Petersburg__Aleksandr_Salmanovich__1,FC_Piter_Saint_Petersburg,1
198,Beto_Acosta,Brasiliense_Futebol_Clube,1
199,Goran_Grkinić,FK_Senica,1
200,"Jardel_(footballer,_born_1986)",S.L._Benfica_B,1
201,Thomas_Brown_(rugby),London_Welsh_RFC,0
202,Ndamukong_Suh,"Grant_High_School_(Portland,_Oregon)",0
203,Fatih_Taygar,Turkish_Ice_Hockey_Super_League,0
204,Robert_Blocker,Furman_University,0
205,Britt_Hager,University_of_Texas_at_Austin,0
206,Jürgen_Seeberger,SC_Kriens,0
207,Richard_Mráz,HC_Slovan_Bratislava,0
208,Viktor_Alexandrov,Metallurg_Novokuznetsk,0
209,Thomas_S._Carter,Southern_Methodist_University,0
210,Fabien_Ateba,LNB_Pro_B,0
211,Jack_Combs_(ice_hockey),Toros_Neftekamsk,0
212,Ted_Schreiber,New_York_Mets,0
213,John_Saylor_Coon,University_of_Tennessee,0
214,Larry_Landon,Montreal_Canadiens,0
215,Dougie_Bell,Baillieston_Juniors_F.C.,0
216,Michael_Frontzeck,Alemannia_Aachen,0
217,José_Luis_Loreto,CD_Ebro,0
218,Richard_Kent,Appalachian_State_University,0
219,Chris_Orestis,Boston_University,0
220,Francis_Dawson-Paul,Royal_Air_Force,0
221,Todor_Veselinović,Ethnikos_Piraeus_F.C.,0
222,Dan_Duchaine,Boston_University,0
223,Kahn_Fotuali'i,Ospreys_(rugby_team),0
224,Douglas_Macfadyen,Royal_Air_Force,0
225,Tim_Burke_(gridiron_football),Calgary_Stampeders,0
226,Mark_Grieb,Foothill_College,0
227,J._P._Parisé,New_York_Islanders,0
228,Chris_White_(linebacker),Detroit_Lions,0
229,Li_Hui_(footballer),Yunnan_Hongta_F.C.,0
230,Jeff_George,Minnesota_Vikings,0
231,Janet_Pilgrim_(British_Army_officer),British_Army,0
232,Greg_Kraft,University_of_Tampa,0
233,David_W._Ogden,University_of_Pennsylvania,0
234,Glenn_Martinez,Houston_Texans,0
235,DeShone_Myles,New_Orleans_Saints,0
236,Garth_Pollonais,Greenville_Lions,0
237,Gerald_Brown_(basketball),Baloncesto_Fuenlabrada,0
238,Luke_Fritz,Montreal_Alouettes,0
239,Brandon_Boykin,Philadelphia_Eagles,0
240,Teddy_Da_Costa,Hokki,0
241,Ivan_Čiernik,Hannover_Scorpions,0
242,Helen_Wan,Amherst_College,0
243,Viktor_Fischer,Denmark_national_football_team,0
244,Nathan_Palmer,Miami_Dolphins,0
245,Stephen_Goldfeld,Harvard_University,0
246,Roberto_Abrussezze,Deportivo_Municipal,0
247,Derrell_Griffith,Los_Angeles_Dodgers,0
248,Barend_Alkema,South_Africa_national_rugby_league_team,0
249,Tyrone_Young,New_Orleans_Saints,0
250,Eninho,Changchun_Yatai_F.C.,0
251,Martin_Lewis_Perl,Columbia_University,0
252,Arthur_Grenfell_Wauchope,British_Army,0
253,Isaac_Curtis,San_Diego_State_University,0
254,Mark_J._Poznansky,McGill_University,0
255,Joan_Specter,Drexel_University,0
256,Marty_Guerin,South_Carolina_Stingrays,0
257,Tobias_Enström,Atlanta_Thrashers,0
258,Asa_Hartford,Macclesfield_Town_F.C.,0
259,Mehmet_Güven,Turkey_national_under-19_football_team,0
260,Brian_Stanbridge,Royal_Air_Force,0
261,Yuriy_Voynov,FC_Metalist_Kharkiv,0
262,George_Barker_(Virginia_politician),Harvard_University,0
263,Harrison_B._Tordoff,University_of_Michigan,0
264,Ralph_Glaze,Boston_Red_Sox,0
265,Jeff_Driskel,San_Francisco_49ers,0
266,Jerry_D._Thompson,University_of_New_Mexico,0
267,Frank_D._Yuengling,Princeton_University,0
268,Freada_Kapor_Klein,Brandeis_University,0
269,Richard_Olney,Brown_University,0
270,Alexander_Deilert,Calgary_Flames,0
271,Nate_Robinson_(American_football),New_York_Jets,0
272,Chuck_Commiskey,New_Orleans_Saints,0
273,Brent_Gretzky,Hershey_Bears,0
274,Takeo_Miki,Meiji_University,0
275,Bill_Granger_(author),DePaul_University,0
276,Malcolm_Brown_(American_football),Los_Angeles_Rams,0
277,Matt_Cain,National_League,0
278,Lindsay_Thomas_(politician),University_of_Georgia,0
279,Eddie_Erdelatz,Saint_Mary's_College_of_California,0
280,Ekaterina_Kurbatova,CSKA_Moscow,0
281,Quintin_Laing,GET-ligaen,0
282,Martin_Cibák,Medicine_Hat_Tigers,0
283,Robert_Tang,University_of_Birmingham,0
284,Harry_Felix,Philadelphia_Phillies,0
285,Andrew_McKenna,University_of_Notre_Dame,0
286,Sammie_Smith,Denver_Broncos,0
287,Richard_Haking,British_Army,0
288,Chris_Carter_(wide_receiver),Seattle_Seahawks,0
289,Sean_Tallaire,ERC_Ingolstadt,0
290,Quentin_Harris_(American_football),Denver_Broncos,0
291,Haskell_Curry,Harvard_University,0
292,David_Mumford,Brown_University,0
293,D._Raghavarao,Temple_University,0
294,Caren_Kaplan,Georgetown_University,0
295,Emílio_Peixe,Portugal_Olympic_football_team,0
296,Federico_Sandi,Aprilia,0
297,Andrew_Yao,Stanford_University,0
298,Donald_C._Pogue,Yale_University,0
299,Daniel_Åhsberg,Ligue_Magnus,0
300,Sam_Ojuri,BC_Lions,0
301,Milton_P._Rice,Vanderbilt_University,0
302,Robenson_Therezie,Miami_Jackson_High_School,0
303,James_Bishop_(artist),Washington_University_in_St._Louis,0
304,Homer_Jordan,Saskatchewan_Roughriders,0
305,Adam_Schreiber,Philadelphia_Eagles,0
306,Ed_Blaine,Green_Bay_Packers,0
307,Joakim_Jensen,Manglerud_Star_Ishockey,0
308,Shawn_Matthias,Toronto_Maple_Leafs,0
309,Inejiro_Asanuma,Waseda_University,0
310,David_Oliver_(ice_hockey),Guildford_Flames,0
311,Heikko_Glöde,VfL_Wolfsburg,0
312,Leon_Hooten,Oakland_Athletics,0
313,Brandon_Pettigrew,Detroit_Lions,0
314,Joël_Lightbound,McGill_University,0
315,Jimmie_Jones_(defensive_end),Washington_Redskins,0
316,Joe_Walter_(American_football),Cincinnati_Bengals,0
317,Bob_Swisher,Northwestern_University,0
318,Selin_Sayek_Böke,Duke_University,0
319,Jeremy_England,Stanford_University,0
320,James_Hunter_(American_football),Grambling_State_University,0
321,Lenny_Dunlap,University_of_North_Texas,0
322,Frank_William_Taussig,Harvard_University,0
323,Clay_Tucker,Real_Madrid_Baloncesto,0
324,Will_Demps,New_York_Giants,0
325,Eric_Beverly,Detroit_Lions,0
326,Samuel_B._Huston,Valparaiso_University,0
327,Tim_Abromaitis,Farmington_High_School_(Connecticut),0
328,Nate_Byham,New_England_Patriots,0
329,Carl_Crane,Louisiana_State_University,0
330,Glenn_Hall,Detroit_Red_Wings,0
331,Terrell_Wade,Atlanta_Braves,0
332,Koro_Issa_Ahmed_Koné,MSV_Duisburg,0
333,Hugh_McElhenny,Washington_Preparatory_High_School,0
334,Steve_Priolo,Brooklin_Redmen,0
335,Mike_Brumley_(infielder),Chicago_Cubs,0
336,John_Vane,Yale_University,0
337,Michael_Tuts,Stony_Brook_University,0
338,Jim_Eschen,Cleveland_Indians,0
339,Kiwaukee_Thomas,Jacksonville_Jaguars,0
340,Jalen_Ramsey,Brentwood_Academy,0
341,Curtis_J._Jones_Jr.,Boston_University,0
342,Jarret_Zukiwsky,Idaho_Steelheads,0
343,Matt_Kudu,Eastern_Michigan_University,0
344,Rodney_McCray_(basketball),Houston_Rockets,0
345,Quan_Cosby,Cincinnati_Bengals,0
346,Anthony_Beauvillier,National_Hockey_League,0
347,Evsey_Domar,University_of_Michigan,0
348,Jerry_Tarkanian,Pasadena_City_College,0
349,Shawn_Powell,Cincinnati_Bengals,0
350,Ross_Cockrell,Charlotte_Latin_School,0
351,Michael_Mayhew_(rugby_union),London_Irish,0
352,Brett_Reed_(basketball),Lehigh_Mountain_Hawks,0
353,Michaela_Conlin,New_York_University,0
354,Rupert_Thorneloe,British_Army,0
355,Charles_Scriver,McGill_University,0
356,Charlie_Cole_(lawyer),Stanford_University,0
357,Pete_Cole,New_York_Giants,0
358,Moses_Chunga,Buffaloes_F.C.,0
359,Marc_Gasol,National_Basketball_Association,0
360,Makoto_Hasegawa,Noshiro_Technical_High_School,0
361,Darryl_Pounds,Washington_Redskins,0
362,Ladislav_Ščurko,HC_Košice,0
363,Munier_Choudhury,Harvard_University,0
364,Fernando_Valenzuela,Los_Angeles_Dodgers,0
365,Richard_Herrnstein,Harvard_University,0
366,Zac_Dalpe,Vancouver_Canucks,0
367,Dan_Spencer,Tacoma_Community_College,0
368,Kurt_Coleman,Carolina_Panthers,0
369,Loren_Brichter,Tufts_University,0
370,Richard_Peters_(American_football),Southern_Methodist_University,0
371,Prince_Fielder,Milwaukee_Brewers,0
372,2013–14_Viborg_FF_season,Esbjerg_fB,0
373,Reginald_Pole-Carew_(British_Army_officer),British_Army,0
374,Agnieszka_Bibrzycka,Turkish_Women's_Basketball_League,0
375,Marc_Colombo,Chicago_Bears,0
376,Bill_Rentmeester,San_Diego_Chargers,0
377,Allie_White,Philadelphia_Eagles,0
378,Remy_Hamilton,Spanish_River_Community_High_School,0
379,Ernest_Cheston,Oxford_University_RFC,0
380,Don_Smith_(running_back),Miami_Dolphins,0
381,William_T._Carpenter,University_of_Rochester,0
382,Ruan_Dreyer,University_of_Johannesburg,0
383,Charles_H._Mason,Brown_University,0
384,Raimondo_Ponte,SC_Young_Fellows_Juventus,0
385,Armen_Gilliam,Independence_Community_College,0
386,Lord_Clarence_Paget,Royal_Navy,0
387,Ricky_Sbragia,Scotland_national_under-17_football_team,0
388,Robert_Lyles,Texas_Christian_University,0
389,Tim_Barnes_(American_football),Baltimore_Ravens,0
390,Patrick_Anderson_(poet),Columbia_University,0
391,Percival_Wilkinson,Harlequin_F.C.,0
392,Josh_Zeid,Houston_Astros,0
393,Meghan_Duggan,National_Women's_Hockey_League_(2015–),0
394,John_Maitland_(Royal_Navy_officer),Royal_Navy,0
395,Cedric_Thompson,New_England_Patriots,0
396,Willie_McFaul,Coleraine_F.C.,0
397,José_Maria_Pedroto,Vitória_F.C.,0
398,Craig_Brewster,Crawley_Town_F.C.,0
399,Gary_Brook,Bradford_Park_Avenue_A.F.C.,0
400,Melvin_Sanders,Panellinios_B.C.,0